-- RUNSQLSTM SRCFILE(CJB4033071/QSQLSRC) SRCMBR(INS_PER)
-- ===========================================
-- INSERTS EN TABLA PERSONA
-- ===========================================
INSERT INTO CJB4033071.PERSONA (IDEPER, NOMPER, EDAPER, GENPER) VALUES
('0801199900010001', 'JUAN PEREZ', 25, 'M'),
('0801200000020002', 'MARIA LOPEZ', 22, 'F'),
('0801199800030003', 'CARLOS RAMIREZ', 30, 'M'),
('0801200100040004', 'ANA MARTINEZ', 21, 'F'),
('0801199700050005', 'SOFIA GOMEZ', 27, 'X'),
('0801199900012345', 'CRISTIAN BOQUIN SUAZO', 25, 'M'),
('0801200000098765', 'KENNETH CRUZ', 23, 'M'),
('0801199800054321', 'ALEX RIVERA', 27, 'X');


-- ===========================================
-- INSERTS EN TABLA PERDIR (USA EL IDENTITY)
-- ===========================================
INSERT INTO CJB4033071.PERDIR (IDEPER, TIPDIR, CALLE, CIUDAD, DEPART, PAIS)
VALUES
('0801199900010001', 'R', 'AV LOS PINOS #120', 'TEGUCIGALPA',
'FRANCISCO MORAZAN', 'HONDURAS'),
('0801199900010001', 'T', 'BLVD SUYAPA TORRE M', 'TEGUCIGALPA',
'FRANCISCO MORAZAN', 'HONDURAS'),
('0801200000020002', 'R', 'COL. TILO ARCE', 'SAN PEDRO SULA',
'CORTES', 'HONDURAS'),
('0801200000020002', 'O', 'RES. EL PEDREGAL', 'LA CEIBA',
'ATLANTIDA', 'HONDURAS'),
('0801199800030003', 'R', 'BARRIO EL CENTRO', 'CHOLUTECA',
'CHOLUTECA', 'HONDURAS'),
('0801199900012345', 'R', 'AV. PRINCIPAL #123', 'TEGUCIGALPA',
'FRANCISCO MORAZAN', 'HONDURAS'),
('0801199900012345', 'T', 'EDIFICIO TORRE 1', 'TEGUCIGALPA',
'FRANCISCO MORAZAN', 'HONDURAS'),
('0801200000098765', 'R', 'COL. PALMAS #45', 'SAN PEDRO SULA',
'CORTES', 'HONDURAS'),
('0801199800054321', 'R', 'BARRIO CENTRO #30', 'LA CEIBA',
'ATATLANTIDA', 'HONDURAS'),
('0801199800054321', 'O', 'CASA FAMILIAR', 'LA CEIBA',
'ATLANTIDA', 'HONDURAS');


-- -- ===========================================
-- -- INSERTS EN TABLA PEREDU (USA EL IDENTITY)
-- -- ===========================================
INSERT INTO CJB4033071.PEREDU (IDEPER, NIVEDU, INSTIT, ANIINI, ANIFIN) VALUES
('0801199900010001', 'U', 'UNAH', 2016, 2021),
('0801199900010001', 'P', 'ESC. PRIMARIA LA ESPERANZA', 2002, 2008),
('0801200000020002', 'U', 'UTH', 2018, 2023),
('0801199800030003', 'S', 'INST. TECNOLOGICO SPS', 2005, 2010),
('0801199700050005', 'D', 'UNIVERSIDAD DE MADRID', 2012, 2018),
('0801199900012345', 'U', 'UNAH', 2017, 2022),
('0801199900012345', 'S', 'INST. TEC. CENTRAL', 2012, 2016),
('0801200000098765', 'S', 'INSTITUTO MODELO', 2013, 2018),
('0801200000098765', 'U', 'UNIVERSIDAD PRIVADA', 2019, 2023),
('0801199800054321', 'P', 'ESCUELA NACIONAL', 2005, 2010),
('0801199800054321', 'S', 'INSTITUTO RIVERA', 2011, 2016);


